keyword,title,link,published,source
kuliner enak,Bingung Pilih Makanan? Begini Cara Cari Kuliner Enak Lewat Aplikasi - VOI.ID,https://news.google.com/rss/articles/CBMinwFBVV95cUxPRE8zV3MxcHBfZk03UDRRbXMtZ09DNmszdG9wRUVPWmhadHFzcFNITkZpX3dUbU5lU0dKaTFUaU9aSmlFUEViTlBYd0NhdTVPMTRaTkFMWmg2SVBjajAtT2dtS1VpOThkZXVpMThKSkYteGVqUW9vOEtaNkM5ZnNydHJKZldHWkpBTVRFZDN2WkJOZGpGYjJsT0VrbTM1U03SAZcBQVVfeXFMTVQ5RFVleFotSkpjcVJpb0thMDc4UXBkSC1OdXR4RjJ6V2tSaTFsc2VpbzNTRWR0bWxpUTQ1RE42TER3UllVZlJrQUV2dmRUTE5tSzBZVy1MVWt4NEpvS0ttdDNQUXhJMm44TUJJWUNCNkpsZGE2RXlMWWJ1ZzF3aXQwSGQ1WEE0a2h5ZWJQRHlzZXZVeXBmdw?oc=5,2026-09-23 08:25:00+00:00,VOI.ID
kuliner enak,"Ragam Perkedel, Menu Kuliner Enak dan Murah Pilihan Warga - RRI.co.id",https://news.google.com/rss/articles/CBMinwFBVV95cUxQQzJ2UFRSUGpwSGp3MFFxYnE4NFNlVm8yc1lNQUUyOWdpdDAtRFpucDhqeUdiOWtQczB5bU9qZkQ4WFdJRThQYk96Q2JvY0cwNjduelhUOWFseHlFcFNxQ2M0cVJLcThJcGVEcFJrdEVpQUhmT1JHUkowT3gxS002RUZNcXFoX3pGOUZQNVFrb3FhVWg0blA1NDBLYWh2XzQ?oc=5,2026-09-14 08:30:00+00:00,RRI.co.id
kuliner enak,"5 Spot Kuliner di Lembang Park & Zoo, Makan Enak Tanpa Ribet - Tribun Travel",https://news.google.com/rss/articles/CBMipAFBVV95cUxNejZtQk9wYWtGZTlhbGZYM3ZhczdxTkR2Y2diWWdQUGZjQlpIRHVIUW1IdHFIczJrS0IzNEtjWjY0RWhIWFdtSzhDVXJKRkJuN2FJTkp3bGoyWW5VanJEQVJvN0tQQ2lLQl9XZDFZb2JWNWdQVllNbERxUXFzQU5CUkh3NHpfcnJNUzk1SE5TQ0VtcWhUTXl3NkxSX3l4U29fdTJldw?oc=5,2026-09-15 05:54:53+00:00,Tribun Travel
kuliner enak,"3 Kuliner Dekat Celosia Semarang, Bisa Makan Enak Setelah Jalan-Jalan - Tribun Travel",https://news.google.com/rss/articles/CBMitgFBVV95cUxNdzZ5T21WNGFDZkctT2w3bWdVM09Hd0cwV2ZzRVpuRmhiaXJPVG56ZW9vakhwcVZlLUplWEVyR1ZaRnNXUlozSE1iQk8xUUkwMFg4R25zc2xXbXU5NGFUREtfYmY4WkkybkxpejNxdmw4YUl3Y1YyMGVkNjh5clVtYUZ0RkRIUjBqNWdfVmNnSXBKRmtlbkFoRXd6cWkxb29pZmlVWXRtSE1Id3NhVjRCV1V0NlBOQQ?oc=5,2026-09-14 07:00:00+00:00,Tribun Travel
kuliner enak,"5 Kuliner Enak di Gedung WTC Sudirman, Ada Sandwich hingga Wagyu Don - food.detik.com",https://news.google.com/rss/articles/CBMitgFBVV95cUxNR25BeGtlTHBMeXRxd0tTNFpST1BlRGlQNjkyS0d0c0xFQWlHaXh3aC1SRFF3dGRzMllHdUhKRWVUS2hjbkFWakV6cGlrdERCcGQ4dVNOWW1PTGdaRG1zM0FBbzh3Ym1hODJrekhGSjl0b3J4ZWlwZjhVYm1xS25TZ2drRElMbDV3TTNBTGJEbFpjWmxfTXFzOGZFbWRCZDlvVEhkeDc5RTFNMWlzY3plUTVpRWJNZ9IBuwFBVV95cUxOdUxrNVBaaThNcDFHdHZSazAwX0t4TGt2dHRlYWFEV2JScDZqanc2TkVuSWlGb1hSempIMDE5eVZCMGdEYWdQTE00X0NTR3lIanJXOHRrMGhnR00zNzVScldVTTgzYk9FZVIydG9mbFNwbWtqeGxZSUIwcGl1U1U0LXQ4NW5ob1U0ZlpNSktXUk84UWM4X1dlTVVXUVd0MnZZYVFFSDNBNnRJcUdPZHJqS2UzNXVHSml5RGRV?oc=5,2026-09-11 07:00:00+00:00,food.detik.com
kuliner enak,"3 Kuliner Enak Dekat Semarang Zoo dengan Rating 4,9 di Google Maps - Tribun Travel",https://news.google.com/rss/articles/CBMirwFBVV95cUxOLUVpUWVqQVE5ZjNWR3JONVRLd3c3VDY5UGc4eEFsVHNBdkFwUC14ZmFKeDBaQkNLM1lMenhiTFFHcDBMX2ZqSUZDQ19KSDZqMWFlbW16YjZrSnFaMkcwbDlHU3hCaFV4cXN6cXRGbHNsQ084WUVsNkk2alZEYTEzME5xRl9nSFItdHhYeUxrX2tPVGNNc25MVlBGUjVmMHotRnB5OFlrVmZMTFY1blZn?oc=5,2026-09-04 11:08:38+00:00,Tribun Travel
kuliner enak,"Masuk Gang, Ketemu Kuliner Enak: Hidden Gem Malang yang Bikin Penasaran - Radar Malang",https://news.google.com/rss/articles/CBMixgFBVV95cUxNZkk2RWNQUHp1LXk1TE1ieWdncGQtVVR2ZmpIVGRCTktmclpLa3dxSHZoNi1Qb2pVWkJPakN4TDRnamtCNDdyVHVRSEg0aVVld2RGcXp3U3V2dDhSb29oQzhFMUhmeWFWbF9uTHl6TWxRWGhySk04QUsyNnJhVEMxN09aVGVlb3ctMkF6S01tZDk3Tm1VTGxsM1JLNUxSQXhIaEswZFNPby1fVmk1dldQVVhBdXVHYUFmYVpYTmFXcDR2a19JMEHSAcsBQVVfeXFMTzlwbVlpZ2c2ODBwdU40MDVjNmpHM19xWjBEWm5QRjVYbXdMekNpRDgzVHQwX0FzWW56bi1MclNZbjlncFNhQURUWkVuMVBXck9aamJ0eUFDVkYyMnMxaHRpbkpBaDRodmJ2bkVtdlhTVFpMRGNMVnNNdDZxeXk3WGZwcVFRcEZRdjZ1Z3Nidmc5b1RVQk1hVE9ySTIyUUs4azFjTy1Jc0RkVF9WanN4X1FKdEM5MXJiSEFNSlo1bjMtcmVUVlFNSm1fUUU?oc=5,2026-09-03 07:00:00+00:00,Radar Malang
kuliner enak,"8 Kuliner Enak Legendaris di Sukabumi, Ada Jajanan Kuno Zaman Belanda! - food.detik.com",https://news.google.com/rss/articles/CBMitAFBVV95cUxNVGhaOEgtTzQ1bVJHRmlzY1VlQXJiLTZkLUcyRS1kQTljYk5ySWNoNFlJckdiQW5IeVU1SmtHTk5rZkZyRG1BNzltYlU2S25JZGJhS205REVPS3pmSG9UVEJONFJaRHJTdHlCN2tfZTF2dFNMcmJKNGtTVi1QdFBqclNOdG40WENudW1ELXpIOWJsRnIzZlk5N05NWFM5OGlJUDJTWWdLU3ZpQnBTLVhqbXYteEXSAboBQVVfeXFMTlFTQmFjbS1kU0s2RkRyT0xwWm9mcFRsOFVYUTl1Smg1VkVsajY3TWJjbGV6WktoUHgtRERqTDdQSUNVX0lDRUp2bzFDMzNXc0MtNlV6VXVUS2taUEpCT1IyY29ZSTFwSTFQaHdtaVhEY1o4Z2lRSmVpVGl4eUNfaXd6bXk5RklEZzE0aWh0VUNIQWVTa1F0d1NxUFk4cEhNRlppUjBTancyYU42Z3FYa2RsWUhuTlVyUzNB?oc=5,2026-09-09 07:00:00+00:00,food.detik.com
kuliner enak,"3 Kuliner Malam di Bogor yang Hits, Cicipi Doclang 405 - Tribun Travel",https://news.google.com/rss/articles/CBMinwFBVV95cUxQUHlHZWwwa3ZQYWpYUWhVNkxmVi1KOHg3UGRLSnEyTUFackI2VnBBcHpaaXdWaHByRTF4THV6V1JyeExwSk5IbXFza0dKNlFKSWNyMFZnR2N5SFE0dnU4VVdkUjdqYmMtNS01b04xMUVwRS1YTTBwbDFFWUxaZWdKZzFNWkp6SUF0YVVmOVktWnVRcmR6dUFUdUpTSk5RcVk?oc=5,2026-09-13 07:00:00+00:00,Tribun Travel
kuliner enak,"5 Kuliner Enak di kawasan Rawamangun, Ada Bakmi Tasik hingga Soto Bening - food.detik.com",https://news.google.com/rss/articles/CBMiuAFBVV95cUxPa3FlYXYyS19QT25HR0hPVGZqRFJuS0RKUGZ3Q1FicmJHQWRaY0hmc1BqRWpXcXk1TzRJWWZLdzNPekk2TnNOTlk0NGtqV1NCYXU2QmdNbWJCbmljQWZsWDlPbC1GLU54WTNKTUpaLTJCTFVoakN0NHZBdTd4aVVSUFdFUDljaGdDUUI1UmR1emFLRi1LWWN1Z2FucTRfZ3V4TmxHS3FJTWVUMHJGNDNfbVpzUmctd0I50gG-AUFVX3lxTE5JSVNfRWk0d0RQMF9aNEQ5MERDVGtpUGdWdzJKdkFrWXNNUFFVcS1XVWRsaU5lSzJuWkRlVE9iZG9Nb0ljVm04V0VRTnZLWGtnRGtQZHE0THkzbk9qRFNxd2dqMndMOVV4eUZRWEI3MFhuWkdna3Bjc0RleEg0cGJkckx5eVdRV1loRjBnbXdzdEZTT296VHNXS0FQX0pVaDQ5SjlodDZBWXR0ajlueXdkQVh4bkl2TkM5aTc4U3c?oc=5,2026-07-07 07:00:00+00:00,food.detik.com
kuliner enak,"5 Kuliner Enak Dekat Stasiun Jember Buat Makan Siang, Rating 4,6 di Google - Tribun Travel",https://news.google.com/rss/articles/CBMiuAFBVV95cUxQa190N2czZzJ3alNZZzZIUmRIdHV5NjVTUXVHVWxrZm4wWEktYXI2QlBaTGgwTDNxWXJ3eFhvamZRMll0amllM2tBcGlVbFpMQkFUdmg3T1dLUmNQNktxeW5ablBaWkFlUjRGYm1VZzlROHFYR1RkeUppeHMtbm9rS2plNEljVzdrb292MDZOcWRXYnk3NVVqVTJMZHRpaHZCcGNkNG9mYm03R2pHYjE1MVo4V2JqYVR6?oc=5,2026-08-11 07:00:00+00:00,Tribun Travel
kuliner enak,"5 Kuliner Enak di Perumahan Cililin Jaksel, Ada Bakso sampai Teppanyaki - food.detik.com",https://news.google.com/rss/articles/CBMiugFBVV95cUxNU3hoWmRwSG9FZmpnQURkNHNJUmxBUFdORkh0X0JzRl9pbWs5MndhWkd1Nmt1VHh3ZUZQSVVFZkhwLWt1aGJwd2xqeVZIdnFDeFJVajhsX0tlV3J4aUgyYUdiUm5oTEVRVURXQURoalBjd0lLNmNXMzRqRDdyblRjejhoRTdWQVBtcUx5dnh6T0JTZlluOThTd2ZLUUc1ejJFeVNxU19fLTV3c3RLWFZpZmdya1ZFU0lNcnfSAb8BQVVfeXFMT2prenVHLWd3TVpQYldNZElSXzFCeHZqN3VQMmtEc18tc3Z2WlZVMGpNRFZlUFZPNWVUV190THBhZjhfZzVXRzI1MjZBZHdTX0E0OHUwUDBZR3F1eHpNU0M5eFVrQWVwNDZRQUtnSkpNT3dYY2c4SHpwZkRxMHBBeVpBS0puZHptTzluSmZnLTBrUnlOdjR6Wkxpd01Jc0xTNGpIZkI1VnlmLUxDUTJHUEJ4TXFRcnNtWk52blF1SjA?oc=5,2026-05-08 07:00:00+00:00,food.detik.com
kuliner enak,Jangan Lewatkan 3 Kuliner Enak dan Murah Dekat Taman Safari Bali - mediaindonesia.com,https://news.google.com/rss/articles/CBMiqwFBVV95cUxOYXhuOFRCVXd5ZURFaDZ4aVJqdlpURnRURHczeHJ1TG5tVW5Mal9Va3ZKcG9ERTg5bEdSa1h2VEh1TGU3NXgxc01qVTBLTlRWNHNOb21HTHpEcG5NSEF1QXRxVGl5cmZ3ZC1ad0RaOHNDOVVIT2dxSXU5bV84bEQzZWhLR3V0WmExVzFfdDdkaDFPZEZzWHVvaDB4aS1NV0h4QTI5cmVsSzdwdDg?oc=5,2026-09-10 07:00:00+00:00,mediaindonesia.com
kuliner enak,Cobain Yuk! 5 Kuliner Enak di Kantin Karyawan Mall PIM 2 - food.detik.com,https://news.google.com/rss/articles/CBMiowFBVV95cUxPRURON2xWVXVUNkJsSC1kZktsdDd5LTVILUtYd3Rkek5mVnlqVGhCdF81RVByWjJGSVpLdXpkNUhEb0d6VldYMFBWRnB4dGdxanRxNjdiMlVkTF8xN19sbVc0WGtOWnJSQmtTYlY1RUZsT2V0ZHNQZWc5aDI3OU92OWFJclptUXJxdndMU3dtYU5feC03TzRta04yanh3bU5kcndz0gGoAUFVX3lxTE9EbUpaR2psYUFxZnp1aWl2ci1kTnBjQnVWS0V0ZnlBQjFWdnFuUVJQekZKSy1YejQzODBXOThDU0RJMTRxYTFJMnhKc3ozelR2c1Y0NkdBeEdiUEc5azFITElIWlBNUTNqc3hkXzU4SG5ndFR1VmE5ZDJVV2xJaU1lQjZpYm5vcDlrRVozM3h0VmNfTnBXbWp3dU5jZ08tVFRqNURzVms3QQ?oc=5,2026-07-03 07:00:00+00:00,food.detik.com
kuliner enak,3 Kuliner Enak Dekat The Nice Park Solo Cuma 3 Menit Berkendara - Tribun Travel,https://news.google.com/rss/articles/CBMirAFBVV95cUxQRVRobzJnLTdaQnNmdFJ5QVhld1hsN2FwZTZ6UjBKa2ZONnJ3M0NuaG5UYU51NHI0MkJGWGdzNnlJQ0U1ZDBhSmtjbjMwZGpHTGtxRVlpTWpYek1TZEh2SUxXbm8tM2tjMGtHaERtdy1Od1YtdzAxSDR4QmwxU19iUk1nZWVnUW5Ec0l1TThIT1EtVVB0REhpS1FBY29oZzlFeVBGNm5Sd0ZCRnRm?oc=5,2026-09-02 07:00:00+00:00,Tribun Travel
kuliner enak,5 Kuliner Enak Dekat Stasiun Gambir dengan Rating Tinggi di Google Maps - Tribun Travel,https://news.google.com/rss/articles/CBMitwFBVV95cUxQUnJSMDB0SC1qc1FQemtWWDFZcjMyMkVHZlEwVmZlUUozSWxVN09kS3hIdmY2TmhIbTdSSktDQ1MtMWtSWE84cGl1ZVJnRnhUM2h4THhTN3lRM3NOQzNpbkt4QXV2TEVrNFFYdEdDSExucEtuSEstaHlzdjZ0RHY1ckpTN08zbF9Pc2JJVTdYTExEcWlYVDFwWTMzeXYyLXV0Vk1lbE9haTg4ZFdWUGQxWW5UUDlEUEk?oc=5,2026-07-28 07:00:00+00:00,Tribun Travel
kuliner enak,"7 Kuliner Enak di Jogja Buat Makan Siang, Harga Murah Mulai Rp 8.000 - Tribun Travel",https://news.google.com/rss/articles/CBMisAFBVV95cUxNRTJTaFBPMURzRTNLTUlGX0pudjZWMjhJV3psOHhfYVVBdy1rT0lOWVpPb1RpT1JZVVk5YlhXcktBTUJPNVpBR2lGbDFfd1JSMUU3Y09qYVJ2QUo0eko2WkFlSTBKcGswUWJvLVNjaXYwMFFBY1N1ZWM2c1htUEhBdmhmMDQ3emVsaEJSclpWRUVrS09sNEQzZldic0lqOG9DUnRRd3d2NVF6MzNqUS1ITA?oc=5,2026-08-15 07:00:00+00:00,Tribun Travel
kuliner enak,"3 Kuliner Enak Dekat Enchanting Valley Bogor, Harga Ramah di Kantong - Tribun Travel",https://news.google.com/rss/articles/CBMisgFBVV95cUxOOGxaaS15dHFtYVRVUll1dkdVLUxmU0I1dmdtQXBueDN4SDhkOEFndk1ra0h4LVBab2xtQU1JRmFFdzIyM2xTMjhSeDBUcU5raGpBcUlPVDQ0ZWZPREFtTGJiX1R0M1hfZ0ZuckN6ZE5FcWo1VlUzRjRYS1l1cG1xQUNWZ19yWjljdTd6N3NPRE1oUXRabEJIZTNybVNZUHFVM1RPYVlQRlJfSlNHaXhIVjBB?oc=5,2026-08-24 03:25:19+00:00,Tribun Travel
kuliner enak,5 Kuliner Enak yang Wajib Dicoba Usai Liburan ke KVille Kaliurang - Tribun Travel,https://news.google.com/rss/articles/CBMirwFBVV95cUxQYjMybmFYTDFQN3NBTmxQLWw0WUItWGs0dFJJS0swRkpJZElEUS12OGxkV1R4MzJlV0dzc2lFV2hSUkZ0VmJwZjdGYWwzbzRteVVUQS0tMmVHWXBEUE52emtpSW82b1FRXzlfMGxsUkczZzVfSDZvbW9pZU9yTG1Gc1M5NEtudGtBeW9FbXNjNWtqZk9UcWZ6ZkhWdG5KczFUaDhKeXNaQ29EV3RfT2VZ?oc=5,2026-07-14 07:00:00+00:00,Tribun Travel
kuliner enak,"5 Kuliner Legendaris Surabaya Buat Makan Malam, Enak dan Murah - Tribun Travel",https://news.google.com/rss/articles/CBMiqgFBVV95cUxPY05rTXV2UkpIa1hnYllndHVOYmdEM1kxVEd2Z0R0b3NUbjJZN3ItMzdjX0tiQjlISFRDUGdCMHl5eDdRSlFQUFR4cHlmQVBiX1lMNFlRanJfY2FjM2EyV0E4S3RLNDRuZ25uclFjUFZJOUVGSV9HTmp0UWZrejZUSFBzLUdmSWpuSFFVcThIOWFEQWhmc3RvWExZNGUwQ3FLQkZQbDVmTlN4Zw?oc=5,2026-06-23 07:00:00+00:00,Tribun Travel
kuliner enak,Surga Kuliner Enak dan Lezat di Sekitar Komplek Masjid Al-Bakri Bandar Lampung - RRI.co.id,https://news.google.com/rss/articles/CBMixgFBVV95cUxPZHJkTU8zY3RHc2RGcjZ6UEFLNEpic1AzeVVxNThzY1o2dm03YzdPSE4zamxFempNcm9CWnYxUDVHUHFPNFpWRE9kSElTOHhzdXJBV3F5QVBqU1lCT1NtT0lHek9sQ0tSV001bExzYl9CdzdYQ0Jzek5hTUxPckpjdUVMYlhnVFZsOGN0ZjZvSi1DZ2hQUGQxUG4wUktzc09sajZqRXc2R3ZWQzAzRmw2Vnh6WUN4RUlzTjhPT0RxNmN4N3hFamc?oc=5,2026-06-15 07:00:00+00:00,RRI.co.id
kuliner enak,"7 Kuliner Murah di Malang Mulai Rp 8.000, Enak untuk Makan Malam - Tribun Travel",https://news.google.com/rss/articles/CBMiqwFBVV95cUxOTEJrTGlfcEptVHllTy1kUkJfRzBET3p5c3ZwX3dTeHFUVER6elNER2lndVZxaUZjamsxSFoxRGF5ekFYVmVDdlpGWVZ2WU9uVThHbEhEUzBpNjRSaUNpRlhYZHVDSWk4Y0lLekhpcGNHcUNDMFBMRXpXZHZHSEtCalpjRmpqR1NVSjFpaHhpYWFaYVk1MVJnMnREdnFZZjZUbkZNY0JveEFyTXc?oc=5,2026-08-14 07:00:00+00:00,Tribun Travel
kuliner enak,"5 Makan Malam di Kota Lama Semarang, Kuliner Enak dan Estetik - Tribun Travel",https://news.google.com/rss/articles/CBMiqAFBVV95cUxPeUM1NmNOdFBCc2d4d00xM0NkS3pSenpFQmhXTXBuaDItYzZPSkJZbUJTYlhaYVEzZVU2Rl82NGtkUUptSXpVR3pHODc1Y052bElRSW12REpmejFyelJhWVZRUC1kTUVKWUZ3Q1lkR054YkllSGdmSUdkZmJlMy1IZGFYWDEtTUJnOXY4ZE5ZUzd4V0dnendmb1doN2NCdUNSMDBMS2cyZHE?oc=5,2026-05-25 07:00:00+00:00,Tribun Travel
kuliner enak,"5 Kuliner Enak di Pasar Bintaro Sektor 2, Nasi Rames hingga Pisang Goreng - food.detik.com",https://news.google.com/rss/articles/CBMiugFBVV95cUxQbGRRUndUUGE2UHJHdG1yUnlUeG1PdHd6d3VEMEVIeElYVzgtOTNEaWJuVVNUOEVRWEhFalA1Ri05d3VQc0UxOU4taDYxY3JpOHY4a3ZtTXZ6bGRLVU94bjMxR0tYSDFIa1lKUUd3eVRtTDREWGp0X01SUTZJRVBPYnByMEVWcFo1eUVqbnNGWUhMNGk0dG5zNlhYbkQ4Um1fbUNwSzFYbkducUhCcF9tNjJCelJCVXVoR2fSAb8BQVVfeXFMT09sUHU4cnlZMnltbUo3cWZOc0pmdHBCR2NmMm5HSXR0SGpYY1BZanlqZEp6cDdVYW1oV3FFejdWVVBnS1gzZTJJWm9PMGNxWW9QVl83S1FnV0s1aURla2pNQ3ZGbFY5ZFU0VWpVNGQzZm9QT2hhWmR1TkYzeEJzdHgxNTdJRkhpeERIczVMTy1XRFdsWlhjdDZDSjVYVEFjTFJRRHRyRngzZmZhb1NUdlBmYXI4VHF4YW5zaU5XVGM?oc=5,2026-04-16 07:00:00+00:00,food.detik.com
kuliner enak,"7 Kuliner di Jogja Buka 24 Jam, Pilihan Enak Buat Sarapan Sebelum Kerja - Tribun Travel",https://news.google.com/rss/articles/CBMitgFBVV95cUxQQ0dOajFpMnhwQ1BEZndyYldnSkFtMzhZNnpxY2ZxRDFmbml6OGdKMWpfWEdLSk0tRXNMc2dsMm5Ja1VHbzlzbVFEeE5oaFU1OE0xd1Yycmo5b1NOa0lIakNsQkhRZzZjc2tERVpFdUoyVXpMTGFiS3hhQ1lqcGpjZEh3eWNzWlhuNGc5NlRaR0FPU1doQ3Vpa1NFRUdzUDNvRG1NbWxPUUVvNC1wVnNaeExTNmlYZw?oc=5,2026-08-15 07:00:00+00:00,Tribun Travel
kuliner enak,"3 Kuliner Malam Legendaris di Bogor, Cicipi Doclang hingga Soto yang Khas - Tribun Travel",https://news.google.com/rss/articles/CBMiuAFBVV95cUxQWkRmOGhITlNOczRJQzdfN0U4XzRsaTMyNTNfbEd2NE0wRjFHNDVpOVJaNlhMUVhTc2dMMERyN0xwbzd5UDdlWkFneVNwLXlhZXpPTzdaYngxX1JUdmFqZklvUVZCWnFFNWQ5OXAyRFNJX1lVUnpobkVRUjFFOW5QWHVBeEFmS243dU1IN3lSaXNSclJpblRUbzE3OEFaclNrdkRhYTFmR1hoRDlUUTV5U3doUUF0ZVJk?oc=5,2026-09-04 07:00:00+00:00,Tribun Travel
kuliner enak,"3 Batagor Enak di Bogor Rating 5.0, Ada yang Disajikan dengan Indomie - Tribun Travel",https://news.google.com/rss/articles/CBMisgFBVV95cUxOM3NJSzcxeWdWcFdZNlF5b21IX3Z2Q3dfY0J2a3YzeDRFdEQ3cU43N0FEZVhldnZkSjZzUUIwQmZBcXZ0SWNSOTZuTXkxdFZoRUFUXzE5ajBMeTJ4YjhDaXJVOGJBbG5MQU5ldEJpcS1McXlkVzVPS1ZJUlY1eUd6cGRveDJEekRzTGNHWWU5NnIwQUtSMnJWazdZTWxIajE1cDF4eVRRdzhhRXlXTUpGRzRR?oc=5,2026-08-22 07:00:00+00:00,Tribun Travel
kuliner enak,5 Kuliner Enak Dekat Pony Park Klaten untuk Makan Siang setelah Liburan - Tribun Travel,https://news.google.com/rss/articles/CBMitwFBVV95cUxNdzY1LXFUNUZjMmFoMEE5d3JPN1NXZjZKNlBOR28wZzZxZHdiZEtYcEJZUklpR2pRcXZHUmJ5RDZ3U0pmS0xFVEpLZmdBRjZsUTRSZFBjd25HNlFkelRraVJ5VkNnUHJSN3U1T29rdDJjbVdmSTk4bnZmTklfRzNXdDNzaXV5ckMtLVlYa1E1aVlKN0Exem54WjJnQ1BwQ19oX0ZfVGNCUTNCSEJvaDlkMWpremVVdkk?oc=5,2026-07-12 07:00:00+00:00,Tribun Travel
kuliner enak,"5 Kuliner Dekat Stasiun Grati Pasuruan Buat Makan Siang, Enak dan Murah - Tribun Travel",https://news.google.com/rss/articles/CBMitgFBVV95cUxPekRuM2dZVlRfYjRablB2WWFaNmZrU3hqbXNqcWZ1VjZGWDVOU3RBTzRzdk8tR0lJeVJjUXFDRWh2VEpvdUVaQ3Eyc1RpTEpkVldfVmRfME5RN3NzOS1wV2hiV2h1S0VBdnhjdWxSUXl6dEFHem0xYUNqWXc3ZGtXOXNCR2RsRFFEQlhHRUpIWklYRTdaVzVKaHdvMnVkdXlCbHNRbjJNSHU1WXpPZ2FCeFZMQWN3QQ?oc=5,2026-08-01 07:00:00+00:00,Tribun Travel
kuliner enak,Rekomendasi Tempat Makan Enak di Surabaya Barat yang Bikin Ketagihan - jogja.disway.id - Disway Jogja,https://news.google.com/rss/articles/CBMitgFBVV95cUxNdTJOanZYYnhSVXdlTTZTc013RTlnSXNkeHp1cFFpSFNrVEhzNUNjOWNWcUxEMVRKZkMtQWJLWlFBLWNJcXM2Z0g4SUpzZHJieDBIaEo4UExqZlo4TmFIaFc5UnpmYjF6LTllYlppb08tSW5Xa0FDTDZQbGo1X09LZW1iSnZKaEFKQXlfWVpYaWZlUmtDZVlZTUtOY0hhZXRyV2c5TFYtajJjWHdId1BwbTEzVHo0QdIBpgFBVV95cUxPNWpJMTFWX3V6WGJENGZiZHhJUmxwS1UtTWxzcmFxeEVKZlUwYUstM0U5NWVHZDlOM1p4NXlNclE0elVXWlItVllQb2hNMUFaYkdrY2FQMWdRWkUtZTh1M3VhM3pId25Db01jS1kxd2lXWjJ4amkwTXRfaHlFZzVNd0llbGJPeVEzOVhEMGxiWS1SRWNwMkd0aXh1WUJfLUlRbVdFajBB?oc=5,2026-07-27 07:00:00+00:00,Disway Jogja
kuliner enak,9 Makanan Enak di Indonesia Ini Ternyata Ada Pengaruh Kuliner Portugis - food.detik.com,https://news.google.com/rss/articles/CBMitwFBVV95cUxOTUczaWw3MTdybzhaM0lxZ1JUeEtXMUNoSjYtOVpQbUl0Vk8yVG10WTZCU0k5UVJVWHFBSTJBTVpvdnJGcG9QTTVITXdUei1zN0F1eHZHdV9DZ25xdmhzTmdjNXYteDRVeHZNbEpaWThTQWJSNURRRG5jV05OaXpxTHM5NXdNV081WmdtUTNLV29DZUdzRkpCYTRIVVFibk1IRFM3ZzQzRnlMSTZQc2k4anN3QjJWRkk?oc=5,2026-05-17 07:00:00+00:00,food.detik.com
kuliner enak,"7 Kuliner Enak Dekat Masjid Al-Akbar Surabaya, Cocok buat Sarapan - IDN Times Jatim",https://news.google.com/rss/articles/CBMirgFBVV95cUxNeHJhbkJ0bTNHVUk5T1dCa0F0OHFscTY4cXR5dGVQOWpLeWo0dFpSQldKMU9pdGxndngtd1VVZVRvMmZYSE12a01jV3I2OXZ3NEZHOFljMFpuaDA0aEZuYWt4WVAyRFNrdnd6cVc2eU9ibDJuRTJCR3ktRDllYjlNOWFCSWkxWEt0MTVPemlnRTJjaHZBLWlXdDc0S2RhbzExeHdoRW5xRG45eFFiZkHSAbMBQVVfeXFMUGlwM3pUV3JTT2ZKeUxodEkzbWhfRFdHNlRRVExQS29GanBRWWV0WEZlVHB0REV6aHczUkNMVnFTLXZuYUNJanJMTldFUXhyaGwyQW1LR1pzNmpCdUoxYXM4OF9QQVJ4YUxLUHVOUU40UmhKVzA5VTgzamVJSGh2R1hjRmh3S2tXNUhhUXBVNjJhS0dSVlNBanZ5OEJCbXZOR2xRZkg0WTJvNGxnSHNaYzN4VFE?oc=5,2026-05-25 07:00:00+00:00,IDN Times Jatim
kuliner enak,"10 Promo Makanan Khusus Hari Kartini 21 April 2026, Makan Enak untuk Rayakan Momen Spesial - sumeks.disway.id - Sumeks",https://news.google.com/rss/articles/CBMi0AFBVV95cUxQN1RqNl95eWZFNUxUZjBKRFFyeE9lMGNETVNQQU1ZbWxUcFZEQVdITkNSSlFNazZXUmZLdm9MSWVOTHRMTFZscUR5bGdoQWJoWkZXRE1Sc1ZXY0NIREMtM1ZJX05SMHZRaS0zdlNRQkNHVVVGaVVSaE9mZEZLVG5ZbE9raUVtQjZiR1h1TTB3M1c0S2JyNjNlYlBBajVCZWpoWjRHTEJJRlhCaTVTS0w1UWpyV1dmXzBadkRkNUhpbUhzZ3pRTkF5bzljU1dNcTli0gHDAUFVX3lxTFBQd0dpbWxkUzJFVlpsc250cF9sYVRXZE1UUXN3WkRYYllzdHkta1AxLXd0NHExaEktQVAzTVpSRFRkaFNuTWRhVmVSYjRLVUNDSmtrNmNPNWoyWUx0MEM3Zm1XOGVpa1NCSzRvLTRWcENXZ2F0S1JQV3RFY0xRYm1pcUNFbkNyQ3huZEp1cE05MGlpQXk4NzRZMVRuYXpxNGdoZVczUnhtYmhQRlloUjdLa1JKRktpVUY0V202b1NRM1Vhaw?oc=5,2026-04-21 07:00:00+00:00,Sumeks
kuliner enak,"Kumpul Keluarga Makin Seru, Ini 7 Spot Kuliner Nyaman dan Enak di Tangsel - detikTravel",https://news.google.com/rss/articles/CBMixwFBVV95cUxNX19LYkdqOXRVSUlzWXBOcEM1Z3hmNF9jaU9Odk5vMmpucmJyem16MGxET0Vub3J1eGw2SWdQSkdSMHZ3cmRWd0l1SXAta0dJaVRfSlM5UWV1SEQ5a2EydDRSbUl0aVJHMVBUVHNoYy12OE53R0pmaU91aGprM1R0cE1mUjd6aGh5bjc0TWJkRDUwajZtZmJqM24tOXY4dmFIazVWZElfWlAtT0tJYkJmc21UTmM5QzNRd1ZMZDhWUlhLV1ZsaTZv0gHMAUFVX3lxTFBrSHJ2NzVveDZtYnlDVkZIajdFMHNkQUhTU0xROFB0bXJhdjJBU2UwOVZjU3BJbEdaXy1WZFlSY3Q3Skh6bWpCYXRrSER1QXp2WXNUeGFnOHBjYmpLdVRVMWUwSVVEYXc5SkhGYkl5cmRndXROTl9KUkZmS25qUlpsQW5Jcl9XNTlRdl9lVkhaS0k3Sm5BNDhoTFhPV1k0dWFTNXUzTllRbGhyR2Rjbm9hOXJDVDJyclYtXzhnZk9rQWdEUmNhSHhEdnlqdg?oc=5,2026-05-18 07:00:00+00:00,detikTravel
kuliner enak,"5 Gado-gado di Jakarta Utara untuk Makan Siang, Enak dan Bikin Nagih - Tribun Travel",https://news.google.com/rss/articles/CBMisgFBVV95cUxNWnVFVW5VMDBpaFVmcHVNeURoYVJTeUFPYWNLT0VrN18zNzNGemFIcGlYQ2tWYk43OU9sb0tCQzhrQ3pzX1lwc3I3Y1MxckQ0VUMzZ3FRUTRtQ3E3VnBzS3BzcERpWXQxRDJqclNnWFBZRzBWd1VHNnhxV0ZvbTVSNEVTN2tCdEcxbVR1UE1MaURBQjEyaXFGN3hVdENpOWx5a1VfMXVBN1RuRE00OWxRVVVn?oc=5,2026-06-15 07:00:00+00:00,Tribun Travel
kuliner enak,"Eksplorasi Kuliner Bekasi Timur ke Jati Asih: Rute Makan Enak, Murah, dan Dijamin Kenyang! - radarkarawang.id",https://news.google.com/rss/articles/CBMivAFBVV95cUxPakFUZzB3U25kajVUR0wtZVZQN1YwSjFHSFlqMWtoSXh5SEE2YmNGVGhlSEV4bTdTb1B1UEROcFVhMkZlZjNyUkd0VEFfRlNKQUNYNFM3dVdld3hldDlFRFBtNnp2akRDdEktY1U1bVNrZmZOZUtkTkpqaUNqazItaUs0OFRDTUZrVmUwYkpPYjJxRzZDc1FWMTEyTEtKa21JbFFGcHFFenBXMWxNNHBqdWhiTzMteDJZQ3lHUQ?oc=5,2026-06-24 07:00:00+00:00,radarkarawang.id
kuliner enak,"5 Makan Siang Enak Dekat Stadion Manahan Solo, Harga Mulai Rp 1.000 - Tribun Travel",https://news.google.com/rss/articles/CBMirwFBVV95cUxQSG9maUxLMmppb0ZHMmhWalVmNEdaRkFtTmpIVG80eVFaMEQyS1FmbEZPUVRSWEUwMC03Z2RLTVRjb2h5YUFsV3JqYXRYYW1VVVJWQXhQbTZxVHB1SHJZWTJfU0NrSUJzUVk1bS13TkpJMS0yOXE1R2tWVFdDYVl3bkNoX2tvak9uS0hrSE9Md3dYMXNUVlFndWJuMElCNjJjVk1MblZwZ1BIeEc4WXVr?oc=5,2026-06-25 07:00:00+00:00,Tribun Travel
kuliner enak,Kuliner Hemat Kota Malang: Makan Enak Tapi Harga Nggak Bikin Kantong Jebol - Radar Malang,https://news.google.com/rss/articles/CBMiywFBVV95cUxPTzRlcWRSWVlDT2dQQUdEOVFac2JVWmRtZE1nWnloTnFRc05hTFhmUzFIRVNibExLdjEtX3JzUk5Kd0ttWkFwNDVqS3Q5bUR5MVowQ2JlNl92aEdDWHBmUjNiVzhxdHFmTEhzTlVoS1I3YzI1bUNHSkE2TXhJWlBkb1JSNnpZSDNHRjNicHJ3cjhsVTJKZnFiZ013Qk5JVUdRVmNPZEkzNDR5U0tINmJRR0RVWWloSXJscnhiZ1hwX3BVU1dkQld5TDdPWdIB0AFBVV95cUxNSFNURkplZEdnc0lzZUd1dmRWSVBwUFlZc0F6QzlLYVhGRlkwZ0ZkV1llcld0YzZnS053alVJSGRadmlpTHBkdVprVWI1STNxbzN5YjRXczVVdGRhd2tiN2pVcWRBaGY3ZVVQTkFUYTY1Y1ZrMjVWNjV5ZlhpWUxteTNsc2FvZjJKZkJ4WV9Vc2pMWnlXNFp5TlNKZzRyanVaanBWN05FZXpYV2hQV0daZWtfRmJaTnZKaGtTZkNqTjl2U0NyRlpCLW5hU19NRVVW?oc=5,2026-05-18 07:00:00+00:00,Radar Malang
kuliner enak,"Kuliner Enak Dekat Rest Area Cirebon, Wajib Dicoba Saat Istirahat di Tengah Perjalanan - radarcirebon.disway.id - Radar Cirebon",https://news.google.com/rss/articles/CBMi3AFBVV95cUxOTXZ0NlFOR0R4M3U2cno0Z3FfaHU4N3FQUVFKVkRBTFV4QktPM2pQMHo4R09iaWZ1S1I5T3AxbkFBNjR4Nnh5QXpGS1ItWWZIZF9BWUc0SVAxT3dyMi1TcG44ZTFTWnIwLUE1WGpoZkRoVF9ZQnFiWkV5SmR6SV9KaDRmT0VFY0NUaFhjMXl1TUloc3lqNUhTaUtSbTk2UGQ4V2dDeEg3YjZ0Sm11bWNzYk5zdjY4MHJmV2YyOUlZRFFYUW9vMGdKMHo5eEtKWHdKVkdTXzdGeW45YjM40gHGAUFVX3lxTE9vV3NuVXpLRWppQ2JnOUNuVF9qejZxUklxY01mV0c0WWxpUG9ZaXhTWm9sQ0YxX2dYUlYzb0YwN25haE1mdnpKSF8wN0p4XzNQdC1WYmd2NEp4WTRtaUNCSnE4enl3UGNsMUVKUUxBaDlocE5xNldaZllIQzBWUFVaeHNwd1MtZEFCXzVsY2NjTWk0Y2ZhdnUwbFhwV1BUYVMwc1RtanJOc1VVNEprd3BoOXRoQTdrcWh2cXdHR2hYRG5QN0FDdw?oc=5,2026-06-07 07:00:00+00:00,Radar Cirebon
kuliner enak,5 Kuliner Legendaris Dekat Stasiun Bandung yang Terkenal Enak - Tribun Travel,https://news.google.com/rss/articles/CBMiqgFBVV95cUxNeGFLNEFjWHkwTEdBSXRBOFNGdWJINi1ndnhOdW1YaWtYUVRWcl92TVF5VC1NUkgwODYxRUtiYTNCeDFmVzFCZVd6d3hzMkE0SE4yZDlVSVMtbUtCMHYzWlpCU3RPYVlzVWtNTTdsd2pHdzY1RE5tY3l4NDhmYWxDUGFONTUwLXhDMkNyNEdLbUdIcWEwejJpWC1MTl9rY1V1MTI2TElleWYwQQ?oc=5,2026-05-25 07:00:00+00:00,Tribun Travel
kuliner enak,"Bosan Daging, 5 Mie Ayam di Solo dengan Cita Rasa Gurih untuk Makan Siang - Tribun Travel",https://news.google.com/rss/articles/CBMiuAFBVV95cUxONkhtVHo0ekZGRDd6blRaWDRCVHd4eGp6dWlldDBFWmIwRm5qeGNiX2FMMEpMMVptTDdaaUxBa3N5d2RSb0l5S2dSZE5tMzA4eTRVNmoxSW5pYkJ4TGc2R2JEbGtBSDY0UWpIY3Q1WDR0VG1mOXdTTmxrTFZLUnhLX3VZQjRRVzBXRnY0WFFZb0g3WGJYRk4tb1NqRm04ODhDcngyTDI3dmxXNmxoWFZOSVl6amdjc0dw?oc=5,2026-05-27 07:00:00+00:00,Tribun Travel
kuliner enak,"7 Kuliner Rawamangun Terenak, Dari Legendaris Hingga Kekinian - Kompas.com",https://news.google.com/rss/articles/CBMiwAFBVV95cUxPQVdISm8yQkdGR0t6em53MEhwdE4tc1U3bzMxT2NvYm1feExKem1lUDVmSDdWLVAydEJfTUR4Zm9mVXdLSVFfS0pnZUtaWEF3ZHJkd1ZhdkNuT2dKLTgzd0V4eGtIWXRjWDJUZEVMMUJUeDYtektuYUtHSEZTNnVYYXhXSnpiOE1LWEx4a05DTkR4ZFl2dlhRRGE0Q2E0VFN3VmlKUlNwZHVWSjFzWmdiaHkwM1BQcVVfU3R6XzhLMGk?oc=5,2026-04-12 07:00:00+00:00,Kompas.com
kuliner enak,Lapar Setelah Turun dari Paralayang? Ini Rekomendasi Tempat Makan Enak di Sekitarnya - Radar Batu,https://news.google.com/rss/articles/CBMi1gFBVV95cUxPOUVlM2lYd25GVUpfRDJ2RlJWVUFMcVVFWk9BWVpqWkJLU3piOWJiaGZldEtwUXVoenJ3bDQ4T3JlZWxCa3pwM3hGQ181NUNPR1pHZmI1bjhkaG00MDZIdGthUHozb05HdG9jR1QxZFE0VHJTSTFwSTlRcXdRczI3UnRTRHhsaXZ3QlNiY3JZUXl0SW5XcXYzS0hZaWxtaFlNX0Y4LWhMTlc1a21GNEt6clBDZDZxdklWdG1ESTE2Y1JUT2RaRU9ic05ZR0NXMTBUeFptcmlB0gHbAUFVX3lxTE5WeVlQSThBT1lJN1A0MThzNUo3c2prTFBZM3FVQ0t2NXZZajV0N0hUNUdiaExZLVhiV1Z4WFNyQ1laS3JuRnVvUUthd01mRVYwMWRuaDBISGRwaGtsdXZldFFVNFJsbDJfcmV5YmRBdk1vWWZSNVZQM29HcmRsSXZHNnVnT2VyUVhaV2ROSlplTThWSFpCR2ZGVnoxQ1JoVEhPZjJhemFSM1V6RkVFREVYTGZyS205QXlnMndlbzdzZ2xwa0EyVG9MVk9GdnJhYXQ1d3NKRzdGMGFrbw?oc=5,2026-05-19 07:00:00+00:00,Radar Batu
kuliner enak,"5 Kuliner Enak di Kebumen, Dari Sate Ambal hingga Soto Entok Bikin Ngiler! - IDN Times Jateng",https://news.google.com/rss/articles/CBMi0gFBVV95cUxPc0QtUVdJWFRreXRacVA5S3BQYlNxSlI0Q1diRlhXcjJlRGVhcVh6MWY4NzRCM2dtZl9ITC1ocjQzQVVuQnlUZ010bmFQTzZxeGRReklicjdGeWYyeHI3NGdsbzFoZTlxemx0dzZla2szTXhTV3V0azVFMGJIRXBfbHNrWDFmTTRDOUYwdm5tSXZXb1liUjBFeUZXZGdNVnhacGZQam5vUlBqZENrTWVOc1JUTnRwR1gyd3EzQXhDTHk5cjVPYmRlRWV0S3NsZ09WQ1HSAdcBQVVfeXFMT1Y5MXdTMmxGcFFKdldnaUg1STV0MFBKeVFZWmlSMUY4QUpRbHdVNTZhd19KSEhFcFFBbTIyb04tTG1Ra2JmSlQyYnZqMkFETHdZSkRwdnFBYXllVGVWWmMxNDZLV081SDEyQzlZb0VGdlp2eUJkSUM3dXFxY2lrYUFSX0dGbjNpU2tMdXNKUHk4ZWdPajJ4ME9ud19sU0dEZGFOemNFZzBaajBPNTVQU0RhNG1kdUx6NWQ1TWFlOWFSSkJTRk0yeWlCTmVQUVZkcXZJNk9sSTg?oc=5,2026-04-26 07:00:00+00:00,IDN Times Jateng
